Category,Link
"ðŸ’¡
Top Emerging AI Use Cases and Their Capabilities",https://www.linkedin.com/top-content/innovation/ai-trends-and-innovations/top-emerging-ai-use-cases-and-their-capabilities/?trk=keyword-landing-homepage_l3_topic
AI Trends and Innovations,https://www.linkedin.com/top-content/innovation/ai-trends-and-innovations/
Training & Development,https://www.linkedin.com/top-content/training-development/
Technology,https://www.linkedin.com/top-content/technology/
Artificial Intelligence,https://www.linkedin.com/top-content/artificial-intelligence/
Training & Development,https://www.linkedin.com/top-content/training-development/
Engineering,https://www.linkedin.com/top-content/engineering/
Supply Chain Management,https://www.linkedin.com/top-content/supply-chain-management/
Retail & Merchandising,https://www.linkedin.com/top-content/retail-merchandising/
Future Of Work,https://www.linkedin.com/top-content/future-of-work/
Fundraising,https://www.linkedin.com/top-content/fundraising/
